{"tfjsVersion":"1.3.1","tmVersion":"2.4.7","packageVersion":"0.8.4-alpha2","packageName":"@teachablemachine/image","timeStamp":"2024-11-26T15:15:21.403Z","userMetadata":{},"modelName":"tm-my-image-model","labels":["경주남산동동서삼층석탑","경주남산미륵곡석조여래좌상","경주남산불곡마애여래좌상","경주남산사지당간지주","경주남산삼릉계석조여래좌상","경주남산신선암마애보살반가상","경주남산용장사곡삼층석탑","경주남산용장사곡석조여래좌상","경주남산용장사지마애여래좌상","경주남산일원","경주남산입곡석불두","경주남산천룡사지삼층석탑","경주남산칠불암마애석불","경주남산탑곡마애조상군","경주배동석조여래삼존입상","경주배리윤을곡마애불좌상","경주분황사모전석탑","경주약수계곡마애입불상","경주열암곡석불좌상","경주첨성대","경주침식곡석불좌상","남간사지석정","삼릉계걱선각여래좌상","삼릉계곡마애관음보살상","삼릉계곡마애석가여래좌상","삼릉계곡선각육존불"],"imageSize":224}